Id,ActivityDate,TotalSteps,TotalDistance,TrackerDistance,LoggedActivitiesDistance,VeryActiveDistance,ModeratelyActiveDistance,LightActiveDistance,SedentaryActiveDistance,VeryActiveMinutes,FairlyActiveMinutes,LightlyActiveMinutes,SedentaryMinutes,Calories
,2023-01-01,6120.260996671456,,,,,,,,,,,866.3950698967965,1990.227217862471
,2023-01-02,3261.733411009918,,,,,,,,,,,866.7971158813941,1891.8845932479483
,2023-01-03,5117.793697385012,,,,,,,,,,,874.50870094676,1863.5249930665482
,2023-01-04,3576.650663185017,,,,,,,,,,,866.8486284329936,1898.6252173676319
,2023-01-05,4442.663073417672,,,,,,,,,,,864.3073132598425,1874.754450648882
,2023-01-06,5601.845735450567,,,,,,,,,,,876.5964534153785,1986.839637251789
,2023-01-07,4950.02349287976,,,,,,,,,,,871.1753417386872,1956.0931724975815
,2023-01-08,4214.7200922408465,,,,,,,,,,,897.5598948287403,1882.8253826109299
,2023-01-09,4530.998552859035,,,,,,,,,,,835.2354528741048,1908.9024248167902
,2023-01-10,5568.249084446246,,,,,,,,,,,891.372602778837,1916.7242901086204
,2023-01-11,4640.1431312062805,,,,,,,,,,,893.6912778874645,1930.0683541435383
,2023-01-12,5359.645725768251,,,,,,,,,,,843.8991465138778,1991.3384278419996
,2023-01-13,5294.419049000883,,,,,,,,,,,869.8596860887948,1911.8400738323178
,2023-01-14,4858.282628480918,,,,,,,,,,,869.4283870100631,1958.9699357201685
,2023-01-15,6864.367123983585,,,,,,,,,,,853.8873245792327,1974.914470236062
,2023-01-16,5853.710285796883,,,,,,,,,,,863.3327496861368,1935.5339520179887
,2023-01-17,4035.73258453571,,,,,,,,,,,858.3413623180126,1911.0254308742665
,2023-01-18,5624.0778134912125,,,,,,,,,,,901.2840566513544,1919.2782446315455
,2023-01-19,5067.266224593092,,,,,,,,,,,889.035175897212,1922.6330627744867
,2023-01-20,6160.784950890462,,,,,,,,,,,894.0733264249124,1928.107311464745
,2023-01-21,5039.379392597947,,,,,,,,,,,885.8250809606485,2022.571273676597
,2023-01-22,5540.289165560681,,,,,,,,,,,858.0642234317415,1959.7045182377458
,2023-01-23,5996.867907766102,,,,,,,,,,,867.1321960058034,1943.350062759328
,2023-01-24,6268.41400141629,,,,,,,,,,,882.3406184184188,1987.6567393269772
,2023-01-25,4837.360279386888,,,,,,,,,,,856.6680828666208,1933.717171709135
,2023-01-26,5454.7231688857,,,,,,,,,,,885.6949764525858,1947.0104494154052
,2023-01-27,5363.80524046017,,,,,,,,,,,871.395119027628,1977.8182463005992
,2023-01-28,5242.391739574271,,,,,,,,,,,869.377687886756,1980.0829295325857
,2023-01-29,6935.046361060447,,,,,,,,,,,885.6643995230523,1976.9241358401632
,2023-01-30,5978.274352852094,,,,,,,,,,,881.6639496722906,1947.7751090271297
,2023-01-31,4803.794340244276,,,,,,,,,,,869.5855075127138,1926.2491989780565
,2023-02-01,6316.637179448087,,,,,,,,,,,892.3899470504637,1888.3985013948077
,2023-02-02,7143.49903678929,,,,,,,,,,,858.7840500860016,1943.492329991752
,2023-02-03,6360.759578400408,,,,,,,,,,,884.2390341041639,2036.4109586520783
,2023-02-04,4550.773119063773,,,,,,,,,,,883.8965188695257,1995.8207976561591
,2023-02-05,5247.998463321023,,,,,,,,,,,870.3568034102901,1939.9813716554886
,2023-02-06,6442.852449198878,,,,,,,,,,,879.8919953336317,2007.14377707077
,2023-02-07,5026.222329208638,,,,,,,,,,,856.2332963542204,1956.0563584448453
,2023-02-08,5794.4781555448235,,,,,,,,,,,888.8604052881035,2088.7117510680614
,2023-02-09,5985.023663494993,,,,,,,,,,,872.2264679533552,2015.78367255724
,2023-02-10,4749.800474435389,,,,,,,,,,,867.1591546922144,1930.5918813246376
,2023-02-11,5309.897995497762,,,,,,,,,,,890.7351383875533,1913.489753675919
,2023-02-12,3032.7894990078894,,,,,,,,,,,864.4348446418586,1822.3932757327796
,2023-02-13,4532.077349535156,,,,,,,,,,,853.8730805545466,1937.626469707122
,2023-02-14,5017.3571260694325,,,,,,,,,,,851.6505623971415,1913.0990309334686
,2023-02-15,4263.427830418925,,,,,,,,,,,884.0901492701846,1864.922075342348
,2023-02-16,6220.1888295759945,,,,,,,,,,,855.7935597125557,1951.8567654753274
,2023-02-17,4015.125886151055,,,,,,,,,,,901.3219127297655,1871.455962316883
,2023-02-18,4645.218417556869,,,,,,,,,,,843.7710588817441,2000.2061916188131
,2023-02-19,4980.300735480939,,,,,,,,,,,900.4468455243506,1977.5598970060048
,2023-02-20,5831.926675381509,,,,,,,,,,,878.1652620080392,1966.307570786807
,2023-02-21,3751.1215927021476,,,,,,,,,,,873.5493033219441,1966.3726682042338
,2023-02-22,5502.786049740099,,,,,,,,,,,866.8262136978658,1960.3171908699076
,2023-02-23,4627.460181405716,,,,,,,,,,,880.9870417152811,1897.7617799870327
,2023-02-24,3864.5706238718712,,,,,,,,,,,874.4354794636273,1971.3412666299828
,2023-02-25,4806.258816058426,,,,,,,,,,,891.5495282302478,1958.8780822061985
,2023-02-26,4553.344536471351,,,,,,,,,,,876.7134147299306,1888.6057120118376
,2023-02-27,3925.3503730457473,,,,,,,,,,,877.2545264219282,1904.539320677963
,2023-02-28,4326.371635221112,,,,,,,,,,,869.5458168167921,1888.5858880137844
,2023-03-01,3940.531003005863,,,,,,,,,,,874.145815644184,1857.2746108473084
,2023-03-02,4223.406758547685,,,,,,,,,,,879.6170265333809,1957.7158664311996
,2023-03-03,4542.302191247997,,,,,,,,,,,849.3474741101506,2006.156728225891
,2023-03-04,5125.274996089874,,,,,,,,,,,854.7772186684143,1890.493725506945
,2023-03-05,3086.441118611055,,,,,,,,,,,886.1489614103407,1910.7028014279388
,2023-03-06,5385.684889912698,,,,,,,,,,,877.5629815719192,1927.8510083754898
,2023-03-07,2467.7490966367914,,,,,,,,,,,872.2402499547098,1851.0221016961775
,2023-03-08,3671.8015576051844,,,,,,,,,,,875.2765089959809,1881.2128589620218
,2023-03-09,4136.090132309654,,,,,,,,,,,880.213725580425,1883.6143729930832
,2023-03-10,3869.7327890330603,,,,,,,,,,,866.9036047953596,1912.5046590901661
,2023-03-11,3188.641271221799,,,,,,,,,,,863.3254291189653,1857.8660316641813
,2023-03-12,3433.2195423348353,,,,,,,,,,,877.9376788264652,1908.9102599550458
,2023-03-13,3191.2105585903973,,,,,,,,,,,860.3244083357745,1889.1679201531886
,2023-03-14,3084.3340948366877,,,,,,,,,,,881.1237913357171,1878.565909406392
,2023-03-15,4055.490983373391,,,,,,,,,,,849.4612459364324,1879.5686244718615
,2023-03-16,3677.9812190490275,,,,,,,,,,,890.4373345598847,1882.0143244643816
,2023-03-17,2913.8629320462696,,,,,,,,,,,882.0889622361956,1913.4688756629237
,2023-03-18,4003.073257370431,,,,,,,,,,,878.8404460147082,1934.4102091441302
,2023-03-19,3566.6252202395663,,,,,,,,,,,889.7403647591827,1862.8013679291885
,2023-03-20,3902.4616472323983,,,,,,,,,,,899.9821166669386,1915.472196423809
,2023-03-21,3759.980797604043,,,,,,,,,,,890.215550975272,1937.4835077235587
,2023-03-22,2728.6131796932823,,,,,,,,,,,847.3868865300253,1811.1841653178103
,2023-03-23,2910.372678823651,,,,,,,,,,,855.8063454989644,1904.8879128044446
,2023-03-24,3823.136391047622,,,,,,,,,,,865.6277213345649,1882.7275179578126
,2023-03-25,3728.771380184998,,,,,,,,,,,875.3913657531625,1929.3602718918692
,2023-03-26,3292.307395952354,,,,,,,,,,,882.7648853070368,1863.535559336938
,2023-03-27,3398.421126331199,,,,,,,,,,,864.1138428026981,1824.902462440025
,2023-03-28,4223.907172118718,,,,,,,,,,,877.8015014671562,1855.5813645452083
,2023-03-29,2932.5442871681585,,,,,,,,,,,863.6692560147002,1885.7103774998313
,2023-03-30,3750.5113723728505,,,,,,,,,,,865.8272329551207,1917.546367850941
,2023-03-31,3250.6349351571425,,,,,,,,,,,853.9000835472766,1856.7026188574562
,2023-04-01,3268.0661141582536,,,,,,,,,,,861.1515013083365,1918.9170158984737
,2023-04-02,4221.413430534207,,,,,,,,,,,854.724730915755,1854.151009810219
,2023-04-03,4065.336507363952,,,,,,,,,,,860.36190120534,1913.5092796930776
,2023-04-04,4095.6098743916136,,,,,,,,,,,890.8046269491176,1868.5767769921192
,2023-04-05,4481.801913652147,,,,,,,,,,,860.7590166675209,1901.9780389351179
,2023-04-06,3627.550975190906,,,,,,,,,,,914.4857309725609,1905.5402604295396
,2023-04-07,4138.017087444498,,,,,,,,,,,882.3997685132133,1883.812525029913
,2023-04-08,3494.027837439325,,,,,,,,,,,877.7725418554231,1884.4471450147878
,2023-04-09,3991.2919710123047,,,,,,,,,,,862.1246332972818,1954.2886258260721
,2023-04-10,3728.8577543932793,,,,,,,,,,,885.5046481911348,1883.4631182017392
,2023-04-11,3945.6758899428846,,,,,,,,,,,866.3654326064334,1946.1612813381166
,2023-04-12,4354.25758273648,,,,,,,,,,,876.8301472196804,1879.219085320452
,2023-04-13,3426.6131986017886,,,,,,,,,,,913.4012680740319,1919.0954013623766
,2023-04-14,5527.406683170173,,,,,,,,,,,873.5591015041302,2015.5886500597494
,2023-04-15,3423.3306534967055,,,,,,,,,,,892.2390998942851,1798.9436672376714
,2023-04-16,3343.644016909163,,,,,,,,,,,864.4523536231117,1863.6568759785857
,2023-04-17,5071.295519975489,,,,,,,,,,,874.4751726425455,1967.977042800807
,2023-04-18,4882.611616636931,,,,,,,,,,,901.5620095345326,1931.3813736050497
,2023-04-19,4833.726113451572,,,,,,,,,,,865.5954941331835,1952.952295319183
,2023-04-20,4905.418166858538,,,,,,,,,,,902.1867283699539,1915.9953972987541
,2023-04-21,4525.850948633618,,,,,,,,,,,885.6162790318322,1932.7736186027337
,2023-04-22,3975.0796984448534,,,,,,,,,,,866.562998361586,1907.3466162541697
,2023-04-23,4724.6154598727335,,,,,,,,,,,884.4861160858328,1981.7002956056133
,2023-04-24,4265.368893416081,,,,,,,,,,,889.5883167444009,1932.0445164010796
,2023-04-25,5489.00776753185,,,,,,,,,,,884.327149433258,1970.332899841061
,2023-04-26,4769.517012402007,,,,,,,,,,,851.4466292016432,1919.7968359951585
,2023-04-27,4359.416372054891,,,,,,,,,,,864.092942362627,1905.0505045243829
,2023-04-28,4775.662233977685,,,,,,,,,,,871.2872204667274,1919.1451648865777
,2023-04-29,5351.404353062297,,,,,,,,,,,873.8834985634993,1968.6753529254834
,2023-04-30,4727.614098589236,,,,,,,,,,,884.3100814632602,1918.2353092983105
,2023-05-01,4604.487830652839,,,,,,,,,,,877.6655150139989,1943.147789437366
,2023-05-02,5406.205523773944,,,,,,,,,,,854.9698346193485,2037.4790469107872
,2023-05-03,5460.262032721363,,,,,,,,,,,880.7029677650894,1990.8524747864494
,2023-05-04,4984.489769702186,,,,,,,,,,,884.1587861792574,1929.373052133349
,2023-05-05,5057.424900019199,,,,,,,,,,,883.3968567189656,1992.5464111728206
,2023-05-06,5594.468207506228,,,,,,,,,,,891.2117108833194,1943.5189338650302
,2023-05-07,4460.187831760707,,,,,,,,,,,887.5088323182335,1845.9089566431917
,2023-05-08,4527.230294864081,,,,,,,,,,,881.8877011884266,1889.0259845594203
,2023-05-09,5044.819410980122,,,,,,,,,,,873.9475143281203,1869.3060206155405
,2023-05-10,5430.144037384399,,,,,,,,,,,850.0855859972602,1941.0864331350447
,2023-05-11,5825.4655040577345,,,,,,,,,,,881.4442732869888,1967.1786067120888
,2023-05-12,6665.206146310862,,,,,,,,,,,878.1153153074466,2057.4919538141785
,2023-05-13,6253.717476888174,,,,,,,,,,,879.0736825579306,1991.7547371473715
,2023-05-14,5558.50128395878,,,,,,,,,,,855.8487713626954,1950.0503012464676
,2023-05-15,5670.3966964530655,,,,,,,,,,,858.784151893876,1995.1875574317128
,2023-05-16,4991.290933026276,,,,,,,,,,,890.7972927999936,1854.162900011864
,2023-05-17,5685.528610423754,,,,,,,,,,,874.4066726921502,1971.8682569078785
,2023-05-18,5497.908085294564,,,,,,,,,,,885.2225104605893,1987.917695906752
,2023-05-19,5923.403585275133,,,,,,,,,,,875.4247756419569,1910.0966526052387
,2023-05-20,5112.028652174641,,,,,,,,,,,875.4463420924362,1991.808123218981
,2023-05-21,6044.301951711306,,,,,,,,,,,889.07425708964,1986.2341977772426
,2023-05-22,6739.459075056679,,,,,,,,,,,867.2593290767394,1975.944457017016
,2023-05-23,5572.35234045426,,,,,,,,,,,876.4418116541148,1984.521341514373
,2023-05-24,5907.844860902103,,,,,,,,,,,868.0658706694244,2059.623281766522
,2023-05-25,6084.201145469051,,,,,,,,,,,868.4825565885153,1981.1089686443129
,2023-05-26,5291.0752908064205,,,,,,,,,,,870.3624181479704,1961.1024031893396
,2023-05-27,5696.095221808617,,,,,,,,,,,878.3320065745057,1944.3711417843506
,2023-05-28,5511.92525584962,,,,,,,,,,,867.8187706750479,1923.4898039599689
,2023-05-29,5532.062056132601,,,,,,,,,,,893.8363418836028,1991.2723485512727
,2023-05-30,4879.988033716245,,,,,,,,,,,861.5808904667074,1905.1848764983952
,2023-05-31,5392.626186885044,,,,,,,,,,,872.1969253375796,1956.9376833997771
,2023-06-01,5675.560322253278,,,,,,,,,,,868.4040341258874,1943.0525684794889
,2023-06-02,6291.532437686077,,,,,,,,,,,896.704668265306,1998.9172626780294
,2023-06-03,5893.438454129551,,,,,,,,,,,877.9483216476737,1981.7304400437508
,2023-06-04,6673.017163955548,,,,,,,,,,,890.4776680920295,2032.1592310261888
,2023-06-05,4570.295178325053,,,,,,,,,,,852.7165944044455,1910.1792062836687
,2023-06-06,5657.712477914625,,,,,,,,,,,879.0057539880389,1950.8539305286831
,2023-06-07,5113.276179228719,,,,,,,,,,,888.3444619343516,1906.943056489528
,2023-06-08,6454.051334169106,,,,,,,,,,,876.2342598391314,1966.6297362875014
,2023-06-09,4290.246583379582,,,,,,,,,,,890.9822056259802,1937.6704935326393
,2023-06-10,4201.944189664362,,,,,,,,,,,867.2406732484944,1950.3350929419387
,2023-06-11,4302.914972461084,,,,,,,,,,,896.1402116027837,1886.0538148174974
,2023-06-12,3167.770805926232,,,,,,,,,,,909.4834718542887,1925.2919741164044
,2023-06-13,4217.968735253547,,,,,,,,,,,869.5574215934051,1974.7389067880135
,2023-06-14,3985.820752838274,,,,,,,,,,,868.3174621789884,1930.4179890671844
,2023-06-15,4553.6489709279085,,,,,,,,,,,896.8007671567655,2005.1760888145486
,2023-06-16,4618.9321443520075,,,,,,,,,,,898.6935821859607,1901.0179218744859
,2023-06-17,5624.7481642194925,,,,,,,,,,,867.157099592701,1910.9209022738146
,2023-06-18,4909.07158820248,,,,,,,,,,,868.6971977435621,1869.1103782781854
,2023-06-19,3773.13206800109,,,,,,,,,,,870.7732308670924,1967.645545831027
,2023-06-20,3482.327398675474,,,,,,,,,,,854.8332423344858,1925.6696947877474
,2023-06-21,4391.093861809796,,,,,,,,,,,861.220220802737,1923.2364377867189
,2023-06-22,3059.6119043620524,,,,,,,,,,,859.937888498719,1898.616228034566
,2023-06-23,5204.520219274196,,,,,,,,,,,863.483036523438,1903.6810158016133
,2023-06-24,4688.732026710581,,,,,,,,,,,874.4797266891983,2031.7938513764038
,2023-06-25,3477.4222114820627,,,,,,,,,,,878.5132209880478,1904.523767607068
,2023-06-26,2551.657131167226,,,,,,,,,,,898.2575073922112,1877.2802812461166
,2023-06-27,4646.034024859549,,,,,,,,,,,860.0246893889181,1961.7744942376492
,2023-06-28,3568.2563635821452,,,,,,,,,,,889.7648359771488,1921.1905510861013
,2023-06-29,4467.819613841375,,,,,,,,,,,871.7901673366174,1936.6073499380616
,2023-06-30,2441.1208127494856,,,,,,,,,,,874.2580443552135,1838.127330717887
,2023-07-01,3096.6329280898944,,,,,,,,,,,885.122292382499,1907.3339608022939
,2023-07-02,3482.079634660943,,,,,,,,,,,858.1591696765655,1974.7689694207425
,2023-07-03,3476.8717708670765,,,,,,,,,,,880.7361461927608,1953.1559952995442
,2023-07-04,3097.9918556371294,,,,,,,,,,,877.4967831231959,1952.2415180837795
,2023-07-05,3821.6628574116667,,,,,,,,,,,882.3867689601223,1888.7417402973715
,2023-07-06,2614.6318034175783,,,,,,,,,,,879.3375296586173,1835.1195730015877
,2023-07-07,3242.344661604647,,,,,,,,,,,911.8295020986634,1887.606942099004
,2023-07-08,3410.0731256885847,,,,,,,,,,,865.4339002362302,1899.6596572255073
,2023-07-09,3673.694075562316,,,,,,,,,,,867.0350456749727,1948.730348612047
,2023-07-10,3803.3432594827977,,,,,,,,,,,865.6528921036286,1840.9683650823445
,2023-07-11,2513.5221428498116,,,,,,,,,,,866.6678432125962,1932.996931145562
,2023-07-12,2226.3978781091955,,,,,,,,,,,865.4391930904022,1857.2910520028174
,2023-07-13,4198.106817056117,,,,,,,,,,,892.8352479666132,1902.8706662608492
,2023-07-14,3543.7457744113512,,,,,,,,,,,896.3075637198478,1860.765704258489
,2023-07-15,2798.491660084481,,,,,,,,,,,866.4388055937578,1813.7626376992116
,2023-07-16,4423.4210173685615,,,,,,,,,,,862.5146664034365,1959.3102809975785
,2023-07-17,3437.5954315252197,,,,,,,,,,,882.071233345796,1901.1497310168281
,2023-07-18,4204.903354257169,,,,,,,,,,,866.7166543357854,1868.5416598462768
,2023-07-19,3453.119027486239,,,,,,,,,,,884.4939772663326,1846.8573927599193
,2023-07-20,4878.441930884286,,,,,,,,,,,878.0438453127695,1925.9526671965173
,2023-07-21,4698.221839779279,,,,,,,,,,,852.2638382750415,2000.9957707195551
,2023-07-22,3332.1653029120357,,,,,,,,,,,898.2125780199509,1884.8210688857996
,2023-07-23,4226.767270472014,,,,,,,,,,,901.9381650964328,1860.6390610316191
,2023-07-24,4041.796194535328,,,,,,,,,,,865.8081696427342,1905.6501687090001
,2023-07-25,4594.435828816788,,,,,,,,,,,869.1844766009602,1920.3606523191443
,2023-07-26,3010.1507057889366,,,,,,,,,,,879.2879808608736,1778.128840162021
,2023-07-27,4217.7172609306945,,,,,,,,,,,880.0168518498053,1918.3344127944501
,2023-07-28,4532.772427733843,,,,,,,,,,,884.8781640900925,1920.2704024411912
,2023-07-29,2617.4825860955443,,,,,,,,,,,905.1530680814952,1902.6334713381236
,2023-07-30,3079.1883809419846,,,,,,,,,,,872.3457915875892,1961.9350546818705
,2023-07-31,2540.8263262269174,,,,,,,,,,,863.0255413319233,1917.657639074108
,2023-08-01,3842.2737790974493,,,,,,,,,,,854.310211579782,1899.0237032091625
,2023-08-02,4597.252099544237,,,,,,,,,,,864.0360494008712,1887.0890236373116
,2023-08-03,5212.06961889381,,,,,,,,,,,874.5030954068931,2051.850666955532
,2023-08-04,4278.850966823568,,,,,,,,,,,901.9183679527669,1924.6216221269674
,2023-08-05,5434.479108882131,,,,,,,,,,,867.2358305144575,1955.8280033588644
,2023-08-06,3396.5174151267233,,,,,,,,,,,878.3568192745835,1896.0783512335063
,2023-08-07,3238.81324662725,,,,,,,,,,,874.7536565589087,1900.4609117629213
,2023-08-08,4461.116610772366,,,,,,,,,,,892.8258991017212,1921.6860581165386
